{"cameraMode":{"drawMode":0,"name":"Shaded","section":"Shading Mode"},"sceneLighting":false,"audioPlay":false,"sceneViewState":{"showFog":true,"showMaterialUpdate":false,"showSkybox":true,"showFlares":true,"showImageEffects":true,"showParticleSystems":true},"in2DMode":false,"pivot":{"x":23.107446670532228,"y":-34.65523910522461,"z":-22.982379913330079},"rotation":{"x":-0.13862894475460053,"y":-0.8465025424957275,"z":0.2662516236305237,"w":-0.44028985500335696},"size":28.771217346191408,"orthographic":false}