{"cameraMode":{"drawMode":0,"name":"Shaded","section":"Shading Mode"},"sceneLighting":true,"audioPlay":false,"sceneViewState":{"showFog":true,"showMaterialUpdate":false,"showSkybox":true,"showFlares":true,"showImageEffects":true,"showParticleSystems":true},"in2DMode":false,"pivot":{"x":3.741501569747925,"y":1.857089877128601,"z":3.066192626953125},"rotation":{"x":0.030779974535107614,"y":-0.7906471490859985,"z":0.0398796871304512,"w":0.6102067232131958},"size":1.1785409450531006,"orthographic":false}