{"cameraMode":{"drawMode":0,"name":"Shaded","section":"Shading Mode"},"sceneLighting":true,"audioPlay":false,"sceneViewState":{"showFog":true,"showMaterialUpdate":false,"showSkybox":true,"showFlares":true,"showImageEffects":true,"showParticleSystems":true},"in2DMode":false,"pivot":{"x":-3.5536000728607179,"y":-0.9562346935272217,"z":4.736409664154053},"rotation":{"x":0.11983252316713333,"y":-0.7434171438217163,"z":0.13853473961353303,"w":0.6433818936347961},"size":4.306678295135498,"orthographic":false}