{"cameraMode":{"drawMode":0,"name":"Shaded","section":"Shading Mode"},"sceneLighting":true,"audioPlay":false,"sceneViewState":{"showFog":true,"showMaterialUpdate":false,"showSkybox":true,"showFlares":true,"showImageEffects":true,"showParticleSystems":true},"in2DMode":false,"pivot":{"x":-7.695914268493652,"y":-0.34763333201408389,"z":-17.147045135498048},"rotation":{"x":0.008501877076923848,"y":-0.9765486121177673,"z":0.04173589125275612,"w":0.21156884729862214},"size":10.0,"orthographic":false}