{"cameraMode":{"drawMode":0,"name":"Shaded","section":"Shading Mode"},"sceneLighting":false,"audioPlay":false,"sceneViewState":{"showFog":true,"showMaterialUpdate":false,"showSkybox":true,"showFlares":true,"showImageEffects":true,"showParticleSystems":true},"in2DMode":false,"pivot":{"x":5.554057598114014,"y":6.8338775634765629,"z":5.552068710327148},"rotation":{"x":0.04199356585741043,"y":-0.9125681519508362,"z":0.09832261502742768,"w":0.3951937258243561},"size":0.40715348720550539,"orthographic":false}