{"cameraMode":{"drawMode":0,"name":"Shaded","section":"Shading Mode"},"sceneLighting":false,"audioPlay":false,"sceneViewState":{"showFog":true,"showMaterialUpdate":false,"showSkybox":true,"showFlares":true,"showImageEffects":true,"showParticleSystems":true},"in2DMode":false,"pivot":{"x":-4.259490489959717,"y":-2.750539541244507,"z":-1.9204392433166505},"rotation":{"x":-0.18132175505161286,"y":0.8131171464920044,"z":-0.33614984154701235,"w":-0.4397774636745453},"size":7.071067810058594,"orthographic":false}