{"cameraMode":{"drawMode":0,"name":"Shaded","section":"Shading Mode"},"sceneLighting":false,"audioPlay":false,"sceneViewState":{"showFog":true,"showMaterialUpdate":false,"showSkybox":true,"showFlares":true,"showImageEffects":true,"showParticleSystems":true},"in2DMode":false,"pivot":{"x":0.5356025695800781,"y":3.3874642848968508,"z":-1.1842221021652222},"rotation":{"x":-0.05030795559287071,"y":0.9495476484298706,"z":-0.22220754623413087,"w":-0.21654053032398225},"size":7.071067810058594,"orthographic":false}